{
  "name": "tooltip",
  "type": "ui:components",
  "externalDependencies": [
    "@radix-ui/react-tooltip"
  ],
  "internalDependencies": [],
  "files": [
    {
      "name": "tooltip.tsx",
      "content": "import * as RadixTooltip from '@radix-ui/react-tooltip'\n\nimport { cn } from '@/utils/cn'\n\nexport const Tooltip = RadixTooltip.Root\n\nexport const TooltipTrigger = RadixTooltip.Trigger\n\ntype TooltipProviderProps = React.ComponentProps<typeof RadixTooltip.Provider>\n\nexport function TooltipProvider({ children, ...props }: TooltipProviderProps) {\n  return (\n    <RadixTooltip.Provider delayDuration={0} {...props}>\n      {children}\n    </RadixTooltip.Provider>\n  )\n}\n\ntype TooltipContentProps = React.ComponentProps<typeof RadixTooltip.Content>\n\nexport function TooltipContent({\n  children,\n  className,\n  sideOffset = 6,\n  ...props\n}: TooltipContentProps) {\n  return (\n    <RadixTooltip.Portal>\n      <RadixTooltip.Content\n        sideOffset={sideOffset}\n        className={cn(\n          'z-50 overflow-hidden rounded-lg border border-border bg-main px-3 py-1.5 text-primary-muted text-xs',\n\t\t\t\t\t'motion-safe:fade-in-0 motion-safe:zoom-in-95 motion-safe:data-[state=closed]:fade-out-0 motion-safe:animate-in motion-safe:data-[state=closed]:animate-out',\n          'motion-safe:data-[state=closed]:zoom-out-95 motion-safe:data-[side=bottom]:slide-in-from-top-2 motion-safe:data-[side=left]:slide-in-from-right-2',\n          'motion-safe:data-[side=right]:slide-in-from-left-2 motion-safe:data-[side=top]:slide-in-from-bottom-2',\n          className,\n        )}\n        {...props}\n      >\n        {children}\n      </RadixTooltip.Content>\n    </RadixTooltip.Portal>\n  )\n}\n"
    }
  ]
}